<?xml version="1.0" encoding="UTF-8"?>
<manifest identifier="eXe-MANIFEST-20251029171420CXIBRD" xmlns="http://www.imsproject.org/xsd/imscp_rootv1p1p2" xmlns:adlcp="http://www.adlnet.org/xsd/adlcp_rootv1p2" xmlns:imsmd="http://www.imsglobal.org/xsd/imsmd_v1p2" xmlns:xsi="http://www.w3.org/2001/XMLSchema-instance" xsi:schemaLocation="http://www.imsproject.org/xsd/imscp_rootv1p1p2 imscp_rootv1p1p2.xsd http://www.imsglobal.org/xsd/imsmd_rootv1p2p1 imsmd_rootv1p2p1.xsd http://www.adlnet.org/xsd/adlcp_rootv1p2 adlcp_rootv1p2.xsd"><metadata><schema>ADL SCORM</schema><schemaversion>1.2</schemaversion><adlcp:location>imslrm.xml</adlcp:location></metadata><organizations default="eXe-20251029171420CXIBRD"><organization identifier="eXe-20251029171420CXIBRD" structure="hierarchical"><title>Tarea4.3_Garrido_Beatriz.elp</title><item identifier="ITEM-20251029181708210JFA" identifierref="RES-20251029181708210JFA" isvisible="true"><title>CULEBRINA</title></item><item identifier="ITEM-202510291844137969NO" identifierref="RES-202510291844137969NO" isvisible="true"><title>ESTRUCTURA DE LA PIEL</title></item><item identifier="ITEM-20251029171421EWZUKL" identifierref="RES-20251029171421EWZUKL" isvisible="true"><title>ETIOLOGÍA</title></item><item identifier="ITEM-20251029182258228O8K" identifierref="RES-20251029182258228O8K" isvisible="true"><title>CAUSAS</title></item><item identifier="ITEM-202510291822505892V9" identifierref="RES-202510291822505892V9" isvisible="true"><title>SINTOMATOLOGÍA</title></item><item identifier="ITEM-20251029181740204J1H" identifierref="RES-20251029181740204J1H" isvisible="true"><title>DIAGNÓSTICO</title></item><item identifier="ITEM-20251029181733492LW4" identifierref="RES-20251029181733492LW4" isvisible="true"><title>TRATAMIENTO</title><item identifier="ITEM-20251029185618920PQP" identifierref="RES-20251029185618920PQP" isvisible="true"><title>Farmacológico</title></item><item identifier="ITEM-20251029185641613LAR" identifierref="RES-20251029185641613LAR" isvisible="true"><title>Medidas higiénico-dietéticas</title></item><item identifier="ITEM-20251029185723716DSL" identifierref="RES-20251029185723716DSL" isvisible="true"><title>Prevención</title></item></item><item identifier="ITEM-20251029185840569KNR" identifierref="RES-20251029185840569KNR" isvisible="true"><title>CONCLUSIÓN</title></item><item identifier="ITEM-20251029181749256PIG" identifierref="RES-20251029181749256PIG" isvisible="true"><title>Autoría y licencia</title></item></organization></organizations><resources><resource identifier="RES-20251029181708210JFA" type="webcontent" adlcp:scormtype="sco" href="index.html"><file href="index.html"/><file href="idevices/text/text.css"/><file href="idevices/text/text.html"/><file href="idevices/text/text.js"/><dependency identifierref="COMMON_FILES"/></resource><resource identifier="RES-202510291844137969NO" type="webcontent" adlcp:scormtype="sco" href="html/estructura-de-la-piel.html"><file href="html/estructura-de-la-piel.html"/><file href="idevices/word-search/exequextaudio.png"/><file href="idevices/word-search/exequextcursor.gif"/><file href="idevices/word-search/exequextfull.svg"/><file href="idevices/word-search/exequexthits.svg"/><file href="idevices/word-search/exequextlive.png"/><file href="idevices/word-search/exequextlost.png"/><file href="idevices/word-search/exequextmin.svg"/><file href="idevices/word-search/exequextmoveon.png"/><file href="idevices/word-search/exequextnumber.svg"/><file href="idevices/word-search/exequextreload.png"/><file href="idevices/word-search/exequextreply.png"/><file href="idevices/word-search/exequextrerrors.svg"/><file href="idevices/word-search/exequextscore.svg"/><file href="idevices/word-search/exequextsq.png"/><file href="idevices/word-search/exequexttime.svg"/><file href="idevices/word-search/exequextwon.png"/><file href="idevices/word-search/exezoomf.png"/><file href="idevices/word-search/exezoomn.png"/><file href="idevices/word-search/mapacerrarventana.svg"/><file href="idevices/word-search/sopaHome.png"/><file href="idevices/word-search/sopaIcon.png"/><file href="idevices/word-search/sopaaudio.svg"/><file href="idevices/word-search/sopaimage.svg"/><file href="idevices/word-search/word-search.css"/><file href="idevices/word-search/word-search.js"/><dependency identifierref="COMMON_FILES"/></resource><resource identifier="RES-20251029171421EWZUKL" type="webcontent" adlcp:scormtype="sco" href="html/etiologÍa.html"><file href="html/etiologÍa.html"/><file href="idevices/hidden-image/exequextaudio.png"/><file href="idevices/hidden-image/exequextcursor.gif"/><file href="idevices/hidden-image/exequextfull.svg"/><file href="idevices/hidden-image/exequexthits.svg"/><file href="idevices/hidden-image/exequextmin.svg"/><file href="idevices/hidden-image/exequextnumber.svg"/><file href="idevices/hidden-image/exequextrerrors.svg"/><file href="idevices/hidden-image/exequextscore.svg"/><file href="idevices/hidden-image/exequextsq.png"/><file href="idevices/hidden-image/exequexttime.svg"/><file href="idevices/hidden-image/hidden-image-icon.png"/><file href="idevices/hidden-image/hidden-image.css"/><file href="idevices/hidden-image/hidden-image.js"/><dependency identifierref="COMMON_FILES"/></resource><resource identifier="RES-20251029182258228O8K" type="webcontent" adlcp:scormtype="sco" href="html/causas.html"><file href="html/causas.html"/><file href="idevices/trueorfalse/exequextfull.svg"/><file href="idevices/trueorfalse/exequexthits.png"/><file href="idevices/trueorfalse/exequexthits.svg"/><file href="idevices/trueorfalse/exequextmin.svg"/><file href="idevices/trueorfalse/exequextnumber.svg"/><file href="idevices/trueorfalse/exequextreload.png"/><file href="idevices/trueorfalse/exequextrerrors.png"/><file href="idevices/trueorfalse/exequextrerrors.svg"/><file href="idevices/trueorfalse/exequextscore.svg"/><file href="idevices/trueorfalse/exequextsq.png"/><file href="idevices/trueorfalse/exequexttime.svg"/><file href="idevices/trueorfalse/tofhidesuggestion.png"/><file href="idevices/trueorfalse/tofnext.png"/><file href="idevices/trueorfalse/tofnextd.png"/><file href="idevices/trueorfalse/tofprevious.png"/><file href="idevices/trueorfalse/tofpreviousd.png"/><file href="idevices/trueorfalse/tofshowsuggestion.png"/><file href="idevices/trueorfalse/trueorfalse.css"/><file href="idevices/trueorfalse/trueorfalse.html"/><file href="idevices/trueorfalse/trueorfalse.js"/><dependency identifierref="COMMON_FILES"/></resource><resource identifier="RES-202510291822505892V9" type="webcontent" adlcp:scormtype="sco" href="html/sintomatologÍa.html"><file href="html/sintomatologÍa.html"/><file href="idevices/crossword/ccccrossword.png"/><file href="idevices/crossword/ccgmbackground.jpg"/><file href="idevices/crossword/ccgmclose.svg"/><file href="idevices/crossword/ccgmdefinitions.png"/><file href="idevices/crossword/ccgmnoback.png"/><file href="idevices/crossword/ccgmzoomf.png"/><file href="idevices/crossword/ccgmzoomn.png"/><file href="idevices/crossword/ccmgimage.svg"/><file href="idevices/crossword/cmmgaudio.svg"/><file href="idevices/crossword/crossword.css"/><file href="idevices/crossword/crossword.js"/><file href="idevices/crossword/exequextaudio.png"/><file href="idevices/crossword/exequextcursor.gif"/><file href="idevices/crossword/exequextfull.svg"/><file href="idevices/crossword/exequexthits.svg"/><file href="idevices/crossword/exequextmin.svg"/><file href="idevices/crossword/exequextnumber.svg"/><file href="idevices/crossword/exequextreply.png"/><file href="idevices/crossword/exequextrerrors.svg"/><file href="idevices/crossword/exequextscore.svg"/><file href="idevices/crossword/exequextsq.png"/><file href="idevices/crossword/exequexttime.svg"/><dependency identifierref="COMMON_FILES"/></resource><resource identifier="RES-20251029181740204J1H" type="webcontent" adlcp:scormtype="sco" href="html/diagnÓstico.html"><file href="html/diagnÓstico.html"/><file href="content/resources/2025103009342946894D/istockphoto-1046256306-612x612.jpg"/><file href="idevices/puzzle/exequextaudio.png"/><file href="idevices/puzzle/exequextcursor.gif"/><file href="idevices/puzzle/exequextfull.svg"/><file href="idevices/puzzle/exequexthits.svg"/><file href="idevices/puzzle/exequextlive.png"/><file href="idevices/puzzle/exequextlost.png"/><file href="idevices/puzzle/exequextmin.svg"/><file href="idevices/puzzle/exequextnumber.svg"/><file href="idevices/puzzle/exequextplayaudio.svg"/><file href="idevices/puzzle/exequextreply.png"/><file href="idevices/puzzle/exequextrerrors.svg"/><file href="idevices/puzzle/exequextscore.svg"/><file href="idevices/puzzle/exequextsq.png"/><file href="idevices/puzzle/exequexttime.svg"/><file href="idevices/puzzle/exequextwon.png"/><file href="idevices/puzzle/mapaareas.svg"/><file href="idevices/puzzle/puzlenumbers.svg"/><file href="idevices/puzzle/puzzle-Image.png"/><file href="idevices/puzzle/puzzle.css"/><file href="idevices/puzzle/puzzle.js"/><file href="idevices/puzzle/puzzleHome.png"/><file href="idevices/puzzle/puzzleIcon.png"/><file href="idevices/puzzle/quextCursor.gif"/><file href="idevices/puzzle/quextauthor.png"/><file href="idevices/puzzle/vquextReload.png"/><dependency identifierref="COMMON_FILES"/></resource><resource identifier="RES-20251029181733492LW4" type="webcontent" adlcp:scormtype="sco" href="html/tratamiento.html"><file href="html/tratamiento.html"/><file href="idevices/udl-content/udl-character-1.gif"/><file href="idevices/udl-content/udl-character-2.gif"/><file href="idevices/udl-content/udl-character-3.gif"/><file href="idevices/udl-content/udl-character-4.gif"/><file href="idevices/udl-content/udl-content.css"/><file href="idevices/udl-content/udl-content.js"/><file href="idevices/udl-content/udl-icons-sm.png"/><file href="idevices/udl-content/udl-icons.png"/><dependency identifierref="COMMON_FILES"/></resource><resource identifier="RES-20251029185618920PQP" type="webcontent" adlcp:scormtype="sco" href="html/farmacologico.html"><file href="html/farmacologico.html"/><file href="idevices/word-search/exequextaudio.png"/><file href="idevices/word-search/exequextcursor.gif"/><file href="idevices/word-search/exequextfull.svg"/><file href="idevices/word-search/exequexthits.svg"/><file href="idevices/word-search/exequextlive.png"/><file href="idevices/word-search/exequextlost.png"/><file href="idevices/word-search/exequextmin.svg"/><file href="idevices/word-search/exequextmoveon.png"/><file href="idevices/word-search/exequextnumber.svg"/><file href="idevices/word-search/exequextreload.png"/><file href="idevices/word-search/exequextreply.png"/><file href="idevices/word-search/exequextrerrors.svg"/><file href="idevices/word-search/exequextscore.svg"/><file href="idevices/word-search/exequextsq.png"/><file href="idevices/word-search/exequexttime.svg"/><file href="idevices/word-search/exequextwon.png"/><file href="idevices/word-search/exezoomf.png"/><file href="idevices/word-search/exezoomn.png"/><file href="idevices/word-search/mapacerrarventana.svg"/><file href="idevices/word-search/sopaHome.png"/><file href="idevices/word-search/sopaIcon.png"/><file href="idevices/word-search/sopaaudio.svg"/><file href="idevices/word-search/sopaimage.svg"/><file href="idevices/word-search/word-search.css"/><file href="idevices/word-search/word-search.js"/><dependency identifierref="COMMON_FILES"/></resource><resource identifier="RES-20251029185641613LAR" type="webcontent" adlcp:scormtype="sco" href="html/medidas-higienico-dieteticas.html"><file href="html/medidas-higienico-dieteticas.html"/><file href="libs/jquery-ui/libs\jquery-ui\jquery-ui.min.js"/><file href="idevices/relate/exequextbuttonko.svg"/><file href="idevices/relate/exequextbuttonok.svg"/><file href="idevices/relate/exequextcopyright.png"/><file href="idevices/relate/exequextcursor.gif"/><file href="idevices/relate/exequextfull.svg"/><file href="idevices/relate/exequexthits.svg"/><file href="idevices/relate/exequextmin.svg"/><file href="idevices/relate/exequextnumber.svg"/><file href="idevices/relate/exequextplayaudio.svg"/><file href="idevices/relate/exequextreload.png"/><file href="idevices/relate/exequextreply.png"/><file href="idevices/relate/exequextrerrors.svg"/><file href="idevices/relate/exequextscore.svg"/><file href="idevices/relate/exequextsq.png"/><file href="idevices/relate/exequexttime.svg"/><file href="idevices/relate/exezoomf.png"/><file href="idevices/relate/exezoomn.png"/><file href="idevices/relate/relacionaHome.png"/><file href="idevices/relate/relacionaIcon.png"/><file href="idevices/relate/relacionaIcon.svg"/><file href="idevices/relate/relate.css"/><file href="idevices/relate/relate.js"/><dependency identifierref="COMMON_FILES"/></resource><resource identifier="RES-20251029185723716DSL" type="webcontent" adlcp:scormtype="sco" href="html/prevencion.html"><file href="html/prevencion.html"/><file href="idevices/flipcards/exequextbuttonko.svg"/><file href="idevices/flipcards/exequextbuttonok.svg"/><file href="idevices/flipcards/exequextcursor.gif"/><file href="idevices/flipcards/exequextfull.svg"/><file href="idevices/flipcards/exequexthits.svg"/><file href="idevices/flipcards/exequextlost.png"/><file href="idevices/flipcards/exequextmin.svg"/><file href="idevices/flipcards/exequextnumber.svg"/><file href="idevices/flipcards/exequextplayaudio.svg"/><file href="idevices/flipcards/exequextreply.png"/><file href="idevices/flipcards/exequextrerrors.svg"/><file href="idevices/flipcards/exequextscore.svg"/><file href="idevices/flipcards/exequextsq.png"/><file href="idevices/flipcards/exequexttime.svg"/><file href="idevices/flipcards/exequextwon.png"/><file href="idevices/flipcards/exezoomf.png"/><file href="idevices/flipcards/exezoomn.png"/><file href="idevices/flipcards/flcsHome.png"/><file href="idevices/flipcards/flipcards.css"/><file href="idevices/flipcards/flipcards.js"/><file href="idevices/flipcards/flipcardsIcon.png"/><dependency identifierref="COMMON_FILES"/></resource><resource identifier="RES-20251029185840569KNR" type="webcontent" adlcp:scormtype="sco" href="html/conclusiÓn.html"><file href="html/conclusiÓn.html"/><file href="idevices/quick-questions-video/exequextcursor.gif"/><file href="idevices/quick-questions-video/exequextfirstr.png"/><file href="idevices/quick-questions-video/exequextfull.svg"/><file href="idevices/quick-questions-video/exequexthits.svg"/><file href="idevices/quick-questions-video/exequextlastr.png"/><file href="idevices/quick-questions-video/exequextlive.png"/><file href="idevices/quick-questions-video/exequextlost.png"/><file href="idevices/quick-questions-video/exequextmin.svg"/><file href="idevices/quick-questions-video/exequextmoveon.png"/><file href="idevices/quick-questions-video/exequextnextr.png"/><file href="idevices/quick-questions-video/exequextnumber.svg"/><file href="idevices/quick-questions-video/exequextpause.png"/><file href="idevices/quick-questions-video/exequextplayvideo.png"/><file href="idevices/quick-questions-video/exequextpreviousr.png"/><file href="idevices/quick-questions-video/exequextreload.png"/><file href="idevices/quick-questions-video/exequextreply.png"/><file href="idevices/quick-questions-video/exequextrerrors.svg"/><file href="idevices/quick-questions-video/exequextscore.svg"/><file href="idevices/quick-questions-video/exequextsq.png"/><file href="idevices/quick-questions-video/exequexttime.svg"/><file href="idevices/quick-questions-video/exequextvideo.png"/><file href="idevices/quick-questions-video/exequextwon.png"/><file href="idevices/quick-questions-video/quextImageVideo.png"/><file href="idevices/quick-questions-video/quick-questions-video.css"/><file href="idevices/quick-questions-video/quick-questions-video.js"/><file href="idevices/quick-questions-video/vquextHome.png"/><file href="idevices/quick-questions-video/vquextIcon.png"/><dependency identifierref="COMMON_FILES"/></resource><resource identifier="RES-20251029181749256PIG" type="webcontent" adlcp:scormtype="sco" href="html/autoria-y-licencia.html"><file href="html/autoria-y-licencia.html"/><file href="idevices/text/text.css"/><file href="idevices/text/text.html"/><file href="idevices/text/text.js"/><dependency identifierref="COMMON_FILES"/></resource><resource identifier="COMMON_FILES" type="webcontent" adlcp:scormtype="asset"><file href="libs/C:\Users\Bea\AppData\Roaming\exelearning\data\tmp\2025\10\29\20251029171420TOICAW\tmp\localuser\export\libs\bootstrap\bootstrap.bundle.min.js"/><file href="libs/C:\Users\Bea\AppData\Roaming\exelearning\data\tmp\2025\10\29\20251029171420TOICAW\tmp\localuser\export\libs\bootstrap\bootstrap.bundle.min.js.map"/><file href="libs/C:\Users\Bea\AppData\Roaming\exelearning\data\tmp\2025\10\29\20251029171420TOICAW\tmp\localuser\export\libs\bootstrap\bootstrap.min.css"/><file href="libs/C:\Users\Bea\AppData\Roaming\exelearning\data\tmp\2025\10\29\20251029171420TOICAW\tmp\localuser\export\libs\bootstrap\bootstrap.min.css.map"/><file href="libs/C:\Users\Bea\AppData\Roaming\exelearning\data\tmp\2025\10\29\20251029171420TOICAW\tmp\localuser\export\libs\common.js"/><file href="libs/C:\Users\Bea\AppData\Roaming\exelearning\data\tmp\2025\10\29\20251029171420TOICAW\tmp\localuser\export\libs\common_i18n.js"/><file href="libs/C:\Users\Bea\AppData\Roaming\exelearning\data\tmp\2025\10\29\20251029171420TOICAW\tmp\localuser\export\libs\exe_export.js"/><file href="libs/C:\Users\Bea\AppData\Roaming\exelearning\data\tmp\2025\10\29\20251029171420TOICAW\tmp\localuser\export\libs\jquery\jquery.min.js"/><file href="libs/C:\Users\Bea\AppData\Roaming\exelearning\data\tmp\2025\10\29\20251029171420TOICAW\tmp\localuser\export\libs\jquery-ui\jquery-ui.min.js"/><file href="libs/C:\Users\Bea\AppData\Roaming\exelearning\data\tmp\2025\10\29\20251029171420TOICAW\tmp\localuser\export\libs\SCOFunctions.js"/><file href="libs/C:\Users\Bea\AppData\Roaming\exelearning\data\tmp\2025\10\29\20251029171420TOICAW\tmp\localuser\export\libs\SCORM_API_wrapper.js"/><file href="content/css/C:\Users\Bea\AppData\Roaming\exelearning\data\tmp\2025\10\29\20251029171420TOICAW\tmp\localuser\export\content/css\base.css"/><file href="content/css/C:\Users\Bea\AppData\Roaming\exelearning\data\tmp\2025\10\29\20251029171420TOICAW\tmp\localuser\export\content/css\icons\add.svg"/><file href="content/css/C:\Users\Bea\AppData\Roaming\exelearning\data\tmp\2025\10\29\20251029171420TOICAW\tmp\localuser\export\content/css\icons\aleft.svg"/><file href="content/css/C:\Users\Bea\AppData\Roaming\exelearning\data\tmp\2025\10\29\20251029171420TOICAW\tmp\localuser\export\content/css\icons\aright.svg"/><file href="content/css/C:\Users\Bea\AppData\Roaming\exelearning\data\tmp\2025\10\29\20251029171420TOICAW\tmp\localuser\export\content/css\icons\cross.svg"/><file href="content/css/C:\Users\Bea\AppData\Roaming\exelearning\data\tmp\2025\10\29\20251029171420TOICAW\tmp\localuser\export\content/css\icons\exe-arrow-icon-green.svg"/><file href="content/css/C:\Users\Bea\AppData\Roaming\exelearning\data\tmp\2025\10\29\20251029171420TOICAW\tmp\localuser\export\content/css\icons\exe-arrow-icon.svg"/><file href="content/css/C:\Users\Bea\AppData\Roaming\exelearning\data\tmp\2025\10\29\20251029171420TOICAW\tmp\localuser\export\content/css\icons\exe-chevron-icon-green.svg"/><file href="content/css/C:\Users\Bea\AppData\Roaming\exelearning\data\tmp\2025\10\29\20251029171420TOICAW\tmp\localuser\export\content/css\icons\exe-chevron-icon-white.svg"/><file href="content/css/C:\Users\Bea\AppData\Roaming\exelearning\data\tmp\2025\10\29\20251029171420TOICAW\tmp\localuser\export\content/css\icons\exe-chevron-icon.svg"/><file href="content/css/C:\Users\Bea\AppData\Roaming\exelearning\data\tmp\2025\10\29\20251029171420TOICAW\tmp\localuser\export\content/css\icons\exe-close-icon-white.svg"/><file href="content/css/C:\Users\Bea\AppData\Roaming\exelearning\data\tmp\2025\10\29\20251029171420TOICAW\tmp\localuser\export\content/css\icons\exe-close-icon.svg"/><file href="content/css/C:\Users\Bea\AppData\Roaming\exelearning\data\tmp\2025\10\29\20251029171420TOICAW\tmp\localuser\export\content/css\icons\exe-colors-icon-green.svg"/><file href="content/css/C:\Users\Bea\AppData\Roaming\exelearning\data\tmp\2025\10\29\20251029171420TOICAW\tmp\localuser\export\content/css\icons\exe-compress-icon.svg"/><file href="content/css/C:\Users\Bea\AppData\Roaming\exelearning\data\tmp\2025\10\29\20251029171420TOICAW\tmp\localuser\export\content/css\icons\exe-concurrent-users-icon.svg"/><file href="content/css/C:\Users\Bea\AppData\Roaming\exelearning\data\tmp\2025\10\29\20251029171420TOICAW\tmp\localuser\export\content/css\icons\exe-delete-icon-green.svg"/><file href="content/css/C:\Users\Bea\AppData\Roaming\exelearning\data\tmp\2025\10\29\20251029171420TOICAW\tmp\localuser\export\content/css\icons\exe-delete-icon-red.svg"/><file href="content/css/C:\Users\Bea\AppData\Roaming\exelearning\data\tmp\2025\10\29\20251029171420TOICAW\tmp\localuser\export\content/css\icons\exe-delete-icon.svg"/><file href="content/css/C:\Users\Bea\AppData\Roaming\exelearning\data\tmp\2025\10\29\20251029171420TOICAW\tmp\localuser\export\content/css\icons\exe-dots-menu-vertical-icon-green.svg"/><file href="content/css/C:\Users\Bea\AppData\Roaming\exelearning\data\tmp\2025\10\29\20251029171420TOICAW\tmp\localuser\export\content/css\icons\exe-dots-menu-vertical-icon.svg"/><file href="content/css/C:\Users\Bea\AppData\Roaming\exelearning\data\tmp\2025\10\29\20251029171420TOICAW\tmp\localuser\export\content/css\icons\exe-download-icon-disabled.svg"/><file href="content/css/C:\Users\Bea\AppData\Roaming\exelearning\data\tmp\2025\10\29\20251029171420TOICAW\tmp\localuser\export\content/css\icons\exe-download-icon-green.svg"/><file href="content/css/C:\Users\Bea\AppData\Roaming\exelearning\data\tmp\2025\10\29\20251029171420TOICAW\tmp\localuser\export\content/css\icons\exe-download-icon.svg"/><file href="content/css/C:\Users\Bea\AppData\Roaming\exelearning\data\tmp\2025\10\29\20251029171420TOICAW\tmp\localuser\export\content/css\icons\exe-drag-handle-icon.svg"/><file href="content/css/C:\Users\Bea\AppData\Roaming\exelearning\data\tmp\2025\10\29\20251029171420TOICAW\tmp\localuser\export\content/css\icons\exe-duplicate-icon-green.svg"/><file href="content/css/C:\Users\Bea\AppData\Roaming\exelearning\data\tmp\2025\10\29\20251029171420TOICAW\tmp\localuser\export\content/css\icons\exe-duplicate-icon.svg"/><file href="content/css/C:\Users\Bea\AppData\Roaming\exelearning\data\tmp\2025\10\29\20251029171420TOICAW\tmp\localuser\export\content/css\icons\exe-edit-icon-green.svg"/><file href="content/css/C:\Users\Bea\AppData\Roaming\exelearning\data\tmp\2025\10\29\20251029171420TOICAW\tmp\localuser\export\content/css\icons\exe-edit-icon.svg"/><file href="content/css/C:\Users\Bea\AppData\Roaming\exelearning\data\tmp\2025\10\29\20251029171420TOICAW\tmp\localuser\export\content/css\icons\exe-evaluation-icon-green.svg"/><file href="content/css/C:\Users\Bea\AppData\Roaming\exelearning\data\tmp\2025\10\29\20251029171420TOICAW\tmp\localuser\export\content/css\icons\exe-expand-icon-green.svg"/><file href="content/css/C:\Users\Bea\AppData\Roaming\exelearning\data\tmp\2025\10\29\20251029171420TOICAW\tmp\localuser\export\content/css\icons\exe-games-icon-green.svg"/><file href="content/css/C:\Users\Bea\AppData\Roaming\exelearning\data\tmp\2025\10\29\20251029171420TOICAW\tmp\localuser\export\content/css\icons\exe-image-compact-icon-green.svg"/><file href="content/css/C:\Users\Bea\AppData\Roaming\exelearning\data\tmp\2025\10\29\20251029171420TOICAW\tmp\localuser\export\content/css\icons\exe-image-compact-icon.svg"/><file href="content/css/C:\Users\Bea\AppData\Roaming\exelearning\data\tmp\2025\10\29\20251029171420TOICAW\tmp\localuser\export\content/css\icons\exe-image-icon-green.svg"/><file href="content/css/C:\Users\Bea\AppData\Roaming\exelearning\data\tmp\2025\10\29\20251029171420TOICAW\tmp\localuser\export\content/css\icons\exe-import-icon-green.svg"/><file href="content/css/C:\Users\Bea\AppData\Roaming\exelearning\data\tmp\2025\10\29\20251029171420TOICAW\tmp\localuser\export\content/css\icons\exe-import-icon.svg"/><file href="content/css/C:\Users\Bea\AppData\Roaming\exelearning\data\tmp\2025\10\29\20251029171420TOICAW\tmp\localuser\export\content/css\icons\exe-info-icon-green.svg"/><file href="content/css/C:\Users\Bea\AppData\Roaming\exelearning\data\tmp\2025\10\29\20251029171420TOICAW\tmp\localuser\export\content/css\icons\exe-info-icon-solid-green.svg"/><file href="content/css/C:\Users\Bea\AppData\Roaming\exelearning\data\tmp\2025\10\29\20251029171420TOICAW\tmp\localuser\export\content/css\icons\exe-information-icon-green.svg"/><file href="content/css/C:\Users\Bea\AppData\Roaming\exelearning\data\tmp\2025\10\29\20251029171420TOICAW\tmp\localuser\export\content/css\icons\exe-interactive-icon-green.svg"/><file href="content/css/C:\Users\Bea\AppData\Roaming\exelearning\data\tmp\2025\10\29\20251029171420TOICAW\tmp\localuser\export\content/css\icons\exe-link-icon.svg"/><file href="content/css/C:\Users\Bea\AppData\Roaming\exelearning\data\tmp\2025\10\29\20251029171420TOICAW\tmp\localuser\export\content/css\icons\exe-menu-icon.svg"/><file href="content/css/C:\Users\Bea\AppData\Roaming\exelearning\data\tmp\2025\10\29\20251029171420TOICAW\tmp\localuser\export\content/css\icons\exe-move-icon-green.svg"/><file href="content/css/C:\Users\Bea\AppData\Roaming\exelearning\data\tmp\2025\10\29\20251029171420TOICAW\tmp\localuser\export\content/css\icons\exe-move-icon.svg"/><file href="content/css/C:\Users\Bea\AppData\Roaming\exelearning\data\tmp\2025\10\29\20251029171420TOICAW\tmp\localuser\export\content/css\icons\exe-new-icon.svg"/><file href="content/css/C:\Users\Bea\AppData\Roaming\exelearning\data\tmp\2025\10\29\20251029171420TOICAW\tmp\localuser\export\content/css\icons\exe-open-icon.svg"/><file href="content/css/C:\Users\Bea\AppData\Roaming\exelearning\data\tmp\2025\10\29\20251029171420TOICAW\tmp\localuser\export\content/css\icons\exe-page-icon-green.svg"/><file href="content/css/C:\Users\Bea\AppData\Roaming\exelearning\data\tmp\2025\10\29\20251029171420TOICAW\tmp\localuser\export\content/css\icons\exe-page-icon.svg"/><file href="content/css/C:\Users\Bea\AppData\Roaming\exelearning\data\tmp\2025\10\29\20251029171420TOICAW\tmp\localuser\export\content/css\icons\exe-palette-icon-green.svg"/><file href="content/css/C:\Users\Bea\AppData\Roaming\exelearning\data\tmp\2025\10\29\20251029171420TOICAW\tmp\localuser\export\content/css\icons\exe-preview-icon-green.svg"/><file href="content/css/C:\Users\Bea\AppData\Roaming\exelearning\data\tmp\2025\10\29\20251029171420TOICAW\tmp\localuser\export\content/css\icons\exe-preview-icon-white.svg"/><file href="content/css/C:\Users\Bea\AppData\Roaming\exelearning\data\tmp\2025\10\29\20251029171420TOICAW\tmp\localuser\export\content/css\icons\exe-print-icon-green.svg"/><file href="content/css/C:\Users\Bea\AppData\Roaming\exelearning\data\tmp\2025\10\29\20251029171420TOICAW\tmp\localuser\export\content/css\icons\exe-recent-icon-green.svg"/><file href="content/css/C:\Users\Bea\AppData\Roaming\exelearning\data\tmp\2025\10\29\20251029171420TOICAW\tmp\localuser\export\content/css\icons\exe-report-icon-green.svg"/><file href="content/css/C:\Users\Bea\AppData\Roaming\exelearning\data\tmp\2025\10\29\20251029171420TOICAW\tmp\localuser\export\content/css\icons\exe-save-icon-green.svg"/><file href="content/css/C:\Users\Bea\AppData\Roaming\exelearning\data\tmp\2025\10\29\20251029171420TOICAW\tmp\localuser\export\content/css\icons\exe-save-icon-white.svg"/><file href="content/css/C:\Users\Bea\AppData\Roaming\exelearning\data\tmp\2025\10\29\20251029171420TOICAW\tmp\localuser\export\content/css\icons\exe-save-icon.svg"/><file href="content/css/C:\Users\Bea\AppData\Roaming\exelearning\data\tmp\2025\10\29\20251029171420TOICAW\tmp\localuser\export\content/css\icons\exe-science-icon-green.svg"/><file href="content/css/C:\Users\Bea\AppData\Roaming\exelearning\data\tmp\2025\10\29\20251029171420TOICAW\tmp\localuser\export\content/css\icons\exe-search-icon.svg"/><file href="content/css/C:\Users\Bea\AppData\Roaming\exelearning\data\tmp\2025\10\29\20251029171420TOICAW\tmp\localuser\export\content/css\icons\exe-settings-icon-green.svg"/><file href="content/css/C:\Users\Bea\AppData\Roaming\exelearning\data\tmp\2025\10\29\20251029171420TOICAW\tmp\localuser\export\content/css\icons\exe-settings-icon.svg"/><file href="content/css/C:\Users\Bea\AppData\Roaming\exelearning\data\tmp\2025\10\29\20251029171420TOICAW\tmp\localuser\export\content/css\icons\exe-share-icon-green.svg"/><file href="content/css/C:\Users\Bea\AppData\Roaming\exelearning\data\tmp\2025\10\29\20251029171420TOICAW\tmp\localuser\export\content/css\icons\exe-share-icon.svg"/><file href="content/css/C:\Users\Bea\AppData\Roaming\exelearning\data\tmp\2025\10\29\20251029171420TOICAW\tmp\localuser\export\content/css\icons\exe-styles-icon.svg"/><file href="content/css/C:\Users\Bea\AppData\Roaming\exelearning\data\tmp\2025\10\29\20251029171420TOICAW\tmp\localuser\export\content/css\icons\exe-undo-icon-green.svg"/><file href="content/css/C:\Users\Bea\AppData\Roaming\exelearning\data\tmp\2025\10\29\20251029171420TOICAW\tmp\localuser\export\content/css\icons\exe-undo-icon.svg"/><file href="content/css/C:\Users\Bea\AppData\Roaming\exelearning\data\tmp\2025\10\29\20251029171420TOICAW\tmp\localuser\export\content/css\icons\exe-upload-cloud-icon-green.svg"/><file href="content/css/C:\Users\Bea\AppData\Roaming\exelearning\data\tmp\2025\10\29\20251029171420TOICAW\tmp\localuser\export\content/css\icons\exe-upload-cloud-icon.svg"/><file href="content/css/C:\Users\Bea\AppData\Roaming\exelearning\data\tmp\2025\10\29\20251029171420TOICAW\tmp\localuser\export\content/css\icons\exe-user-made-icon.svg"/><file href="content/css/C:\Users\Bea\AppData\Roaming\exelearning\data\tmp\2025\10\29\20251029171420TOICAW\tmp\localuser\export\content/css\icons\menu.svg"/><file href="content/css/C:\Users\Bea\AppData\Roaming\exelearning\data\tmp\2025\10\29\20251029171420TOICAW\tmp\localuser\export\content/css\icons\minus.svg"/><file href="content/css/C:\Users\Bea\AppData\Roaming\exelearning\data\tmp\2025\10\29\20251029171420TOICAW\tmp\localuser\export\content/css\icons\plus.svg"/><file href="content/img/C:\Users\Bea\AppData\Roaming\exelearning\data\tmp\2025\10\29\20251029171420TOICAW\tmp\localuser\export\content/img\exe_powered_logo.png"/><file href="theme/C:\Users\Bea\AppData\Roaming\exelearning\data\tmp\2025\10\29\20251029171420TOICAW\tmp\localuser\export\theme\config.xml"/><file href="theme/C:\Users\Bea\AppData\Roaming\exelearning\data\tmp\2025\10\29\20251029171420TOICAW\tmp\localuser\export\theme\content.css"/><file href="theme/C:\Users\Bea\AppData\Roaming\exelearning\data\tmp\2025\10\29\20251029171420TOICAW\tmp\localuser\export\theme\default.js"/><file href="theme/C:\Users\Bea\AppData\Roaming\exelearning\data\tmp\2025\10\29\20251029171420TOICAW\tmp\localuser\export\theme\default_licenses.gif"/><file href="theme/C:\Users\Bea\AppData\Roaming\exelearning\data\tmp\2025\10\29\20251029171420TOICAW\tmp\localuser\export\theme\default_sprite.png"/><file href="theme/C:\Users\Bea\AppData\Roaming\exelearning\data\tmp\2025\10\29\20251029171420TOICAW\tmp\localuser\export\theme\icons\activity.png"/><file href="theme/C:\Users\Bea\AppData\Roaming\exelearning\data\tmp\2025\10\29\20251029171420TOICAW\tmp\localuser\export\theme\icons\agreement.png"/><file href="theme/C:\Users\Bea\AppData\Roaming\exelearning\data\tmp\2025\10\29\20251029171420TOICAW\tmp\localuser\export\theme\icons\alert.png"/><file href="theme/C:\Users\Bea\AppData\Roaming\exelearning\data\tmp\2025\10\29\20251029171420TOICAW\tmp\localuser\export\theme\icons\arts.png"/><file href="theme/C:\Users\Bea\AppData\Roaming\exelearning\data\tmp\2025\10\29\20251029171420TOICAW\tmp\localuser\export\theme\icons\ask.png"/><file href="theme/C:\Users\Bea\AppData\Roaming\exelearning\data\tmp\2025\10\29\20251029171420TOICAW\tmp\localuser\export\theme\icons\book.png"/><file href="theme/C:\Users\Bea\AppData\Roaming\exelearning\data\tmp\2025\10\29\20251029171420TOICAW\tmp\localuser\export\theme\icons\calculate.png"/><file href="theme/C:\Users\Bea\AppData\Roaming\exelearning\data\tmp\2025\10\29\20251029171420TOICAW\tmp\localuser\export\theme\icons\case.png"/><file href="theme/C:\Users\Bea\AppData\Roaming\exelearning\data\tmp\2025\10\29\20251029171420TOICAW\tmp\localuser\export\theme\icons\chrono.png"/><file href="theme/C:\Users\Bea\AppData\Roaming\exelearning\data\tmp\2025\10\29\20251029171420TOICAW\tmp\localuser\export\theme\icons\collaborative.png"/><file href="theme/C:\Users\Bea\AppData\Roaming\exelearning\data\tmp\2025\10\29\20251029171420TOICAW\tmp\localuser\export\theme\icons\competencies.png"/><file href="theme/C:\Users\Bea\AppData\Roaming\exelearning\data\tmp\2025\10\29\20251029171420TOICAW\tmp\localuser\export\theme\icons\diary.png"/><file href="theme/C:\Users\Bea\AppData\Roaming\exelearning\data\tmp\2025\10\29\20251029171420TOICAW\tmp\localuser\export\theme\icons\diary_alt.png"/><file href="theme/C:\Users\Bea\AppData\Roaming\exelearning\data\tmp\2025\10\29\20251029171420TOICAW\tmp\localuser\export\theme\icons\discuss.png"/><file href="theme/C:\Users\Bea\AppData\Roaming\exelearning\data\tmp\2025\10\29\20251029171420TOICAW\tmp\localuser\export\theme\icons\download.png"/><file href="theme/C:\Users\Bea\AppData\Roaming\exelearning\data\tmp\2025\10\29\20251029171420TOICAW\tmp\localuser\export\theme\icons\draw.png"/><file href="theme/C:\Users\Bea\AppData\Roaming\exelearning\data\tmp\2025\10\29\20251029171420TOICAW\tmp\localuser\export\theme\icons\english.png"/><file href="theme/C:\Users\Bea\AppData\Roaming\exelearning\data\tmp\2025\10\29\20251029171420TOICAW\tmp\localuser\export\theme\icons\experiment.png"/><file href="theme/C:\Users\Bea\AppData\Roaming\exelearning\data\tmp\2025\10\29\20251029171420TOICAW\tmp\localuser\export\theme\icons\explore.png"/><file href="theme/C:\Users\Bea\AppData\Roaming\exelearning\data\tmp\2025\10\29\20251029171420TOICAW\tmp\localuser\export\theme\icons\file.png"/><file href="theme/C:\Users\Bea\AppData\Roaming\exelearning\data\tmp\2025\10\29\20251029171420TOICAW\tmp\localuser\export\theme\icons\gallery.png"/><file href="theme/C:\Users\Bea\AppData\Roaming\exelearning\data\tmp\2025\10\29\20251029171420TOICAW\tmp\localuser\export\theme\icons\geography.png"/><file href="theme/C:\Users\Bea\AppData\Roaming\exelearning\data\tmp\2025\10\29\20251029171420TOICAW\tmp\localuser\export\theme\icons\guide.png"/><file href="theme/C:\Users\Bea\AppData\Roaming\exelearning\data\tmp\2025\10\29\20251029171420TOICAW\tmp\localuser\export\theme\icons\history.png"/><file href="theme/C:\Users\Bea\AppData\Roaming\exelearning\data\tmp\2025\10\29\20251029171420TOICAW\tmp\localuser\export\theme\icons\info.png"/><file href="theme/C:\Users\Bea\AppData\Roaming\exelearning\data\tmp\2025\10\29\20251029171420TOICAW\tmp\localuser\export\theme\icons\interactive.png"/><file href="theme/C:\Users\Bea\AppData\Roaming\exelearning\data\tmp\2025\10\29\20251029171420TOICAW\tmp\localuser\export\theme\icons\letters.png"/><file href="theme/C:\Users\Bea\AppData\Roaming\exelearning\data\tmp\2025\10\29\20251029171420TOICAW\tmp\localuser\export\theme\icons\listen.png"/><file href="theme/C:\Users\Bea\AppData\Roaming\exelearning\data\tmp\2025\10\29\20251029171420TOICAW\tmp\localuser\export\theme\icons\math.png"/><file href="theme/C:\Users\Bea\AppData\Roaming\exelearning\data\tmp\2025\10\29\20251029171420TOICAW\tmp\localuser\export\theme\icons\music.png"/><file href="theme/C:\Users\Bea\AppData\Roaming\exelearning\data\tmp\2025\10\29\20251029171420TOICAW\tmp\localuser\export\theme\icons\nature.png"/><file href="theme/C:\Users\Bea\AppData\Roaming\exelearning\data\tmp\2025\10\29\20251029171420TOICAW\tmp\localuser\export\theme\icons\objectives.png"/><file href="theme/C:\Users\Bea\AppData\Roaming\exelearning\data\tmp\2025\10\29\20251029171420TOICAW\tmp\localuser\export\theme\icons\observe.png"/><file href="theme/C:\Users\Bea\AppData\Roaming\exelearning\data\tmp\2025\10\29\20251029171420TOICAW\tmp\localuser\export\theme\icons\passport.png"/><file href="theme/C:\Users\Bea\AppData\Roaming\exelearning\data\tmp\2025\10\29\20251029171420TOICAW\tmp\localuser\export\theme\icons\perform.png"/><file href="theme/C:\Users\Bea\AppData\Roaming\exelearning\data\tmp\2025\10\29\20251029171420TOICAW\tmp\localuser\export\theme\icons\piece.png"/><file href="theme/C:\Users\Bea\AppData\Roaming\exelearning\data\tmp\2025\10\29\20251029171420TOICAW\tmp\localuser\export\theme\icons\pieces.png"/><file href="theme/C:\Users\Bea\AppData\Roaming\exelearning\data\tmp\2025\10\29\20251029171420TOICAW\tmp\localuser\export\theme\icons\play.png"/><file href="theme/C:\Users\Bea\AppData\Roaming\exelearning\data\tmp\2025\10\29\20251029171420TOICAW\tmp\localuser\export\theme\icons\present.png"/><file href="theme/C:\Users\Bea\AppData\Roaming\exelearning\data\tmp\2025\10\29\20251029171420TOICAW\tmp\localuser\export\theme\icons\reflection.png"/><file href="theme/C:\Users\Bea\AppData\Roaming\exelearning\data\tmp\2025\10\29\20251029171420TOICAW\tmp\localuser\export\theme\icons\roadmap.png"/><file href="theme/C:\Users\Bea\AppData\Roaming\exelearning\data\tmp\2025\10\29\20251029171420TOICAW\tmp\localuser\export\theme\icons\share.png"/><file href="theme/C:\Users\Bea\AppData\Roaming\exelearning\data\tmp\2025\10\29\20251029171420TOICAW\tmp\localuser\export\theme\icons\sport.png"/><file href="theme/C:\Users\Bea\AppData\Roaming\exelearning\data\tmp\2025\10\29\20251029171420TOICAW\tmp\localuser\export\theme\icons\start.png"/><file href="theme/C:\Users\Bea\AppData\Roaming\exelearning\data\tmp\2025\10\29\20251029171420TOICAW\tmp\localuser\export\theme\icons\stop.png"/><file href="theme/C:\Users\Bea\AppData\Roaming\exelearning\data\tmp\2025\10\29\20251029171420TOICAW\tmp\localuser\export\theme\icons\suitcase.png"/><file href="theme/C:\Users\Bea\AppData\Roaming\exelearning\data\tmp\2025\10\29\20251029171420TOICAW\tmp\localuser\export\theme\icons\technology.png"/><file href="theme/C:\Users\Bea\AppData\Roaming\exelearning\data\tmp\2025\10\29\20251029171420TOICAW\tmp\localuser\export\theme\icons\think.png"/><file href="theme/C:\Users\Bea\AppData\Roaming\exelearning\data\tmp\2025\10\29\20251029171420TOICAW\tmp\localuser\export\theme\icons\think_alt.png"/><file href="theme/C:\Users\Bea\AppData\Roaming\exelearning\data\tmp\2025\10\29\20251029171420TOICAW\tmp\localuser\export\theme\icons\video.png"/><file href="theme/C:\Users\Bea\AppData\Roaming\exelearning\data\tmp\2025\10\29\20251029171420TOICAW\tmp\localuser\export\theme\preview.png"/><file href="common/C:\Users\Bea\AppData\Roaming\exelearning\data\tmp\2025\10\29\20251029171420TOICAW\tmp\localuser\export\common\anyElement.xsd"/><file href="common/C:\Users\Bea\AppData\Roaming\exelearning\data\tmp\2025\10\29\20251029171420TOICAW\tmp\localuser\export\common\dataTypes.xsd"/><file href="common/C:\Users\Bea\AppData\Roaming\exelearning\data\tmp\2025\10\29\20251029171420TOICAW\tmp\localuser\export\common\elementNames.xsd"/><file href="common/C:\Users\Bea\AppData\Roaming\exelearning\data\tmp\2025\10\29\20251029171420TOICAW\tmp\localuser\export\common\elementTypes.xsd"/><file href="common/C:\Users\Bea\AppData\Roaming\exelearning\data\tmp\2025\10\29\20251029171420TOICAW\tmp\localuser\export\common\rootElement.xsd"/><file href="common/C:\Users\Bea\AppData\Roaming\exelearning\data\tmp\2025\10\29\20251029171420TOICAW\tmp\localuser\export\common\vocabTypes.xsd"/><file href="common/C:\Users\Bea\AppData\Roaming\exelearning\data\tmp\2025\10\29\20251029171420TOICAW\tmp\localuser\export\common\vocabValues.xsd"/><file href="extend/C:\Users\Bea\AppData\Roaming\exelearning\data\tmp\2025\10\29\20251029171420TOICAW\tmp\localuser\export\extend\strict.xsd"/><file href="unique/C:\Users\Bea\AppData\Roaming\exelearning\data\tmp\2025\10\29\20251029171420TOICAW\tmp\localuser\export\unique\strict.xsd"/><file href="vocab/C:\Users\Bea\AppData\Roaming\exelearning\data\tmp\2025\10\29\20251029171420TOICAW\tmp\localuser\export\vocab\custom.xsd"/><file href="vocab/C:\Users\Bea\AppData\Roaming\exelearning\data\tmp\2025\10\29\20251029171420TOICAW\tmp\localuser\export\vocab\lomesvocab.xsd"/><file href="vocab/C:\Users\Bea\AppData\Roaming\exelearning\data\tmp\2025\10\29\20251029171420TOICAW\tmp\localuser\export\vocab\strict.xsd"/><file href="adlcp_rootv1p2.xsd"/><file href="content.xml"/><file href="ims_xml.xsd"/><file href="imscp_rootv1p1p2.xsd"/><file href="imslrm.xml"/><file href="imsmd_rootv1p2p1.xsd"/><file href="lom.xsd"/><file href="lomCustom.xsd"/></resource></resources></manifest>
